"position","const","created","modified","description","Title","Title type","Directors","You rated","IMDb Rating","Runtime (mins)","Year","Genres","Num. Votes","Release Date (month/day/year)","URL"
183,"tt0978762","Mon Dec 31 11:27:13 2012","Mon Dec 31 11:27:13 2012",,"Mary and Max","Feature Film","Adam Elliot",,8.2,92,2009,"animation, comedy, drama",52275,15.01.09,"http://www.imdb.com/title/tt0978762/"
90,"tt0042876","Mon Dec 31 11:10:34 2012","Mon Dec 31 11:10:34 2012",,"Rashomon","Feature Film","Akira Kurosawa",,8.4,88,1950,"crime, drama",59513,25.08.50,"http://www.imdb.com/title/tt0042876/"
17,"tt0047478","Mon Dec 31 10:49:51 2012","Mon Dec 31 10:49:51 2012",,"Seven Samurai","Feature Film","Akira Kurosawa",,8.8,207,1954,"action, adventure, drama",141053,26.04.54,"http://www.imdb.com/title/tt0047478/"
109,"tt0055630","Mon Dec 31 11:13:41 2012","Mon Dec 31 11:13:41 2012",,"Yojimbo","Feature Film","Akira Kurosawa",,8.4,110,1961,"action, adventure",43216,25.04.61,"http://www.imdb.com/title/tt0055630/"
133,"tt0089881","Mon Dec 31 11:17:51 2012","Mon Dec 31 11:17:51 2012",,"Ran","Feature Film","Akira Kurosawa",,8.3,162,1985,"action, drama, war",48325,01.06.85,"http://www.imdb.com/title/tt0089881/"
181,"tt0245712","Mon Dec 31 11:26:58 2012","Mon Dec 31 11:26:58 2012",,"Amores Perros","Feature Film","Alejandro González Iñárritu",,8.1,154,2000,"drama",102988,14.05.00,"http://www.imdb.com/title/tt0245712/"
123,"tt0032976","Mon Dec 31 11:16:56 2012","Mon Dec 31 11:16:56 2012",,"Rebecca","Feature Film","Alfred Hitchcock",,8.3,130,1940,"drama, mystery, romance, thriller",52202,27.03.40,"http://www.imdb.com/title/tt0032976/"
242,"tt0036342","Mon Dec 31 11:40:50 2012","Mon Dec 31 11:40:50 2012",,"Shadow of a Doubt","Feature Film","Alfred Hitchcock",,8,108,1943,"thriller",30646,12.01.43,"http://www.imdb.com/title/tt0036342/"
156,"tt0038787","Mon Dec 31 11:22:03 2012","Mon Dec 31 11:22:03 2012",,"Notorious","Feature Film","Alfred Hitchcock",,8.2,101,1946,"drama, romance, thriller",45207,15.08.46,"http://www.imdb.com/title/tt0038787/"
207,"tt0040746","Mon Dec 31 11:34:41 2012","Mon Dec 31 11:34:41 2012",,"Rope","Feature Film","Alfred Hitchcock",,8.1,80,1948,"crime, drama, mystery, thriller",54245,23.08.48,"http://www.imdb.com/title/tt0040746/"
138,"tt0044079","Mon Dec 31 11:18:35 2012","Mon Dec 31 11:18:35 2012",,"Strangers on a Train","Feature Film","Alfred Hitchcock",,8.2,101,1951,"crime, film_noir, mystery, romance, thriller",54158,30.06.51,"http://www.imdb.com/title/tt0044079/"
28,"tt0047396","Mon Dec 31 10:53:31 2012","Mon Dec 31 10:53:31 2012",,"Rear Window","Feature Film","Alfred Hitchcock",,8.7,112,1955,"mystery, thriller",181692,01.08.54,"http://www.imdb.com/title/tt0047396/"
167,"tt0046912","Mon Dec 31 11:24:20 2012","Mon Dec 31 11:24:20 2012",,"Dial M for Murder","Feature Film","Alfred Hitchcock",,8.2,105,1954,"crime, mystery, thriller",53471,28.05.54,"http://www.imdb.com/title/tt0046912/"
48,"tt0052357","Mon Dec 31 10:56:59 2012","Mon Dec 31 10:56:59 2012",,"Vertigo","Feature Film","Alfred Hitchcock",,8.5,128,1958,"mystery, romance, thriller",138337,09.05.58,"http://www.imdb.com/title/tt0052357/"
42,"tt0053125","Mon Dec 31 10:56:28 2012","Mon Dec 31 10:56:28 2012",,"North by Northwest","Feature Film","Alfred Hitchcock",,8.6,136,1959,"action, adventure, thriller",133676,17.07.59,"http://www.imdb.com/title/tt0053125/"
29,"tt0054215","Mon Dec 31 10:53:40 2012","Mon Dec 31 10:53:40 2012",,"Psycho","Feature Film","Alfred Hitchcock",,8.6,109,1960,"horror, mystery, thriller",226501,16.06.60,"http://www.imdb.com/title/tt0054215/"
212,"tt0338564","Mon Dec 31 11:36:07 2012","Mon Dec 31 11:36:07 2012",,"Infernal Affairs","Feature Film","Andrew Lau, Alan Mak",,8.1,101,2002,"crime, mystery, thriller",54524,12.12.02,"http://www.imdb.com/title/tt0338564/"
59,"tt0910970","Mon Dec 31 11:00:50 2012","Mon Dec 31 11:00:50 2012",,"WALL·E","Feature Film","Andrew Stanton",8,8.5,98,2008,"animation, adventure, family, romance, sci_fi",352825,23.06.08,"http://www.imdb.com/title/tt0910970/"
163,"tt0266543","Mon Dec 31 11:23:56 2012","Mon Dec 31 11:23:56 2012",,"Finding Nemo","Feature Film","Andrew Stanton, Lee Unkrich",,8.1,100,2003,"animation, adventure, comedy, family",329215,30.05.03,"http://www.imdb.com/title/tt0266543/"
213,"tt0079944","Mon Dec 31 11:36:12 2012","Mon Dec 31 11:36:12 2012",,"Stalker","Feature Film","Andrey Tarkovskiy",,8.1,163,1979,"adventure, drama, fantasy, mystery, sci_fi",36386,"1979-08","http://www.imdb.com/title/tt0079944/"
190,"tt0454876","Mon Dec 31 11:27:47 2012","Mon Dec 31 11:27:47 2012",,"Life of Pi","Feature Film","Ang Lee",,8.3,127,2012,"adventure, drama",40804,28.09.12,"http://www.imdb.com/title/tt0454876/"
105,"tt1832382","Mon Dec 31 11:13:20 2012","Mon Dec 31 11:13:20 2012",,"A Separation","Feature Film","Asghar Farhadi",,8.5,123,2011,"drama",71634,15.02.11,"http://www.imdb.com/title/tt1832382/"
233,"tt0095953","Mon Dec 31 11:39:28 2012","Mon Dec 31 11:39:28 2012",,"Rain Man","Feature Film","Barry Levinson",,8,133,1988,"drama",215458,12.12.88,"http://www.imdb.com/title/tt0095953/"
195,"tt1024648","Mon Dec 31 11:28:20 2012","Mon Dec 31 11:28:20 2012",,"Argo","Feature Film","Ben Affleck",9,8.2,120,2012,"drama, history, thriller",52035,31.08.12,"http://www.imdb.com/title/tt1024648/"
57,"tt0036775","Mon Dec 31 11:00:38 2012","Mon Dec 31 11:00:38 2012",,"Double Indemnity","Feature Film","Billy Wilder",,8.5,107,1944,"crime, drama, film_noir, thriller",56780,24.04.44,"http://www.imdb.com/title/tt0036775/"
32,"tt0043014","Mon Dec 31 10:54:52 2012","Mon Dec 31 10:54:52 2012",,"Sunset Blvd.","Feature Film","Billy Wilder",,8.6,110,1950,"drama, film_noir",82342,10.08.50,"http://www.imdb.com/title/tt0043014/"
204,"tt0046359","Mon Dec 31 11:34:24 2012","Mon Dec 31 11:34:24 2012",,"Stalag 17","Feature Film","Billy Wilder",,8.1,120,1953,"comedy, drama, thriller, war",28975,29.05.53,"http://www.imdb.com/title/tt0046359/"
102,"tt0051201","Mon Dec 31 11:13:04 2012","Mon Dec 31 11:13:04 2012",,"Witness for the Prosecution","Feature Film","Billy Wilder",,8.4,116,1957,"drama, mystery",29796,17.12.57,"http://www.imdb.com/title/tt0051201/"
87,"tt0053291","Mon Dec 31 11:10:17 2012","Mon Dec 31 11:10:17 2012",,"Some Like It Hot","Feature Film","Billy Wilder",,8.4,120,1959,"comedy",102875,29.03.59,"http://www.imdb.com/title/tt0053291/"
96,"tt0053604","Mon Dec 31 11:11:04 2012","Mon Dec 31 11:11:04 2012",,"The Apartment","Feature Film","Billy Wilder",10,8.4,125,1960,"romance, comedy, drama",59590,15.06.60,"http://www.imdb.com/title/tt0053604/"
218,"tt0382932","Mon Dec 31 11:36:42 2012","Mon Dec 31 11:36:42 2012",,"Ratatouille","Feature Film","Brad Bird, Jan Pinkava",,8,111,2007,"animation, comedy, family, fantasy",256085,22.06.07,"http://www.imdb.com/title/tt0382932/"
130,"tt0086250","Mon Dec 31 11:17:34 2012","Mon Dec 31 11:17:34 2012",,"Scarface","Feature Film","Brian De Palma",,8.3,170,1983,"crime, drama, thriller",282267,01.12.83,"http://www.imdb.com/title/tt0086250/"
247,"tt0094226","Mon Dec 31 11:41:18 2012","Mon Dec 31 11:41:18 2012",,"The Untouchables","Feature Film","Brian De Palma",,8,119,1987,"crime, drama, history, thriller",136145,02.06.87,"http://www.imdb.com/title/tt0094226/"
26,"tt0114814","Mon Dec 31 10:53:18 2012","Mon Dec 31 10:53:18 2012",,"The Usual Suspects","Feature Film","Bryan Singer",,8.7,106,1995,"crime, drama, mystery, thriller",411013,"1994-10","http://www.imdb.com/title/tt0114814/"
73,"tt0041959","Mon Dec 31 11:07:15 2012","Mon Dec 31 11:07:15 2012",,"The Third Man","Feature Film","Carol Reed",,8.4,104,1949,"film_noir, mystery, thriller",71083,31.08.49,"http://www.imdb.com/title/tt0041959/"
85,"tt0364569","Mon Dec 31 11:10:07 2012","Mon Dec 31 11:10:07 2012",,"Oldboy","Feature Film","Chan-wook Park",,8.4,120,2003,"drama, mystery, thriller",177812,21.11.03,"http://www.imdb.com/title/tt0364569/"
137,"tt0015864","Mon Dec 31 11:18:24 2012","Mon Dec 31 11:18:24 2012",,"The Gold Rush","Feature Film","Charles Chaplin",,8.3,,1925,"adventure, comedy, family, romance, western",34814,26.06.25,"http://www.imdb.com/title/tt0015864/"
41,"tt0021749","Mon Dec 31 10:56:23 2012","Mon Dec 31 10:56:23 2012",,"City Lights","Feature Film","Charles Chaplin",,8.6,87,1931,"comedy, drama, romance",51637,30.01.31,"http://www.imdb.com/title/tt0021749/"
69,"tt0032553","Mon Dec 31 11:06:43 2012","Mon Dec 31 11:06:43 2012",,"The Great Dictator","Feature Film","Charles Chaplin",,8.5,125,1940,"comedy, drama, war",64208,15.10.40,"http://www.imdb.com/title/tt0032553/"
174,"tt0048424","Mon Dec 31 11:24:59 2012","Mon Dec 31 11:24:59 2012",,"The Night of the Hunter","Feature Film","Charles Laughton",,8.2,93,1955,"drama, film_noir, thriller",38422,26.07.55,"http://www.imdb.com/title/tt0048424/"
128,"tt0012349","Mon Dec 31 11:17:22 2012","Mon Dec 31 11:17:22 2012",,"The Kid","Feature Film","Charlie Chaplin",,8.3,68,1921,"comedy, drama, family",28244,21.01.21,"http://www.imdb.com/title/tt0012349/"
45,"tt0027977","Mon Dec 31 10:56:44 2012","Mon Dec 31 10:56:44 2012",,"Modern Times","Feature Film","Charlie Chaplin",,8.6,87,1936,"comedy, drama, family",65000,05.02.36,"http://www.imdb.com/title/tt0027977/"
33,"tt0209144","Mon Dec 31 10:54:57 2012","Mon Dec 31 10:54:57 2012",,"Memento","Feature Film","Christopher Nolan",10,8.6,113,2000,"mystery, thriller",468513,05.09.00,"http://www.imdb.com/title/tt0209144/"
103,"tt0372784","Mon Dec 31 11:13:09 2012","Mon Dec 31 11:13:09 2012",,"Batman Begins","Feature Film","Christopher Nolan",,8.3,140,2005,"action, adventure, crime, drama",503684,10.06.05,"http://www.imdb.com/title/tt0372784/"
68,"tt0482571","Mon Dec 31 11:06:31 2012","Mon Dec 31 11:06:31 2012",,"The Prestige","Feature Film","Christopher Nolan",8,8.5,130,2006,"drama, mystery, thriller",403669,17.10.06,"http://www.imdb.com/title/tt0482571/"
7,"tt0468569","Mon Dec 31 10:47:04 2012","Mon Dec 31 10:47:04 2012",,"The Dark Knight","Feature Film","Christopher Nolan",7,9,152,2008,"crime, drama, thriller",863185,14.07.08,"http://www.imdb.com/title/tt0468569/"
14,"tt1375666","Mon Dec 31 10:49:34 2012","Mon Dec 31 10:49:34 2012",,"Inception","Feature Film","Christopher Nolan",7,8.8,148,2010,"action, adventure, mystery, sci_fi, thriller",679207,08.07.10,"http://www.imdb.com/title/tt1375666/"
37,"tt1345836","Mon Dec 31 10:55:21 2012","Mon Dec 31 10:55:21 2012",,"The Dark Knight Rises","Feature Film","Christopher Nolan",8,8.7,165,2012,"action, crime, drama, thriller",493153,16.07.12,"http://www.imdb.com/title/tt1345836/"
93,"tt0105695","Mon Dec 31 11:10:51 2012","Mon Dec 31 11:10:51 2012",,"Unforgiven","Feature Film","Clint Eastwood",,8.3,131,1992,"western",161172,03.08.92,"http://www.imdb.com/title/tt0105695/"
238,"tt0327056","Mon Dec 31 11:39:55 2012","Mon Dec 31 11:39:55 2012",,"Mystic River","Feature Film","Clint Eastwood",,8,138,2003,"crime, drama, mystery, thriller",212368,23.05.03,"http://www.imdb.com/title/tt0327056/"
172,"tt0405159","Mon Dec 31 11:24:49 2012","Mon Dec 31 11:24:49 2012",,"Million Dollar Baby","Feature Film","Clint Eastwood",,8.1,132,2004,"drama, sport",251879,15.12.04,"http://www.imdb.com/title/tt0405159/"
124,"tt1205489","Mon Dec 31 11:17:00 2012","Mon Dec 31 11:17:00 2012",,"Gran Torino","Feature Film","Clint Eastwood",9,8.3,116,2008,"drama",290346,09.12.08,"http://www.imdb.com/title/tt1205489/"
121,"tt0017925","Mon Dec 31 11:16:38 2012","Mon Dec 31 11:16:38 2012",,"The General","Feature Film","Clyde Bruckman, Buster Keaton",,8.3,107,1926,"action, adventure, comedy, romance, war",29907,31.12.26,"http://www.imdb.com/title/tt0017925/"
80,"tt0119488","Mon Dec 31 11:09:39 2012","Mon Dec 31 11:09:39 2012",,"L.A. Confidential","Feature Film","Curtis Hanson",10,8.4,138,1997,"crime, drama, mystery",251966,14.05.97,"http://www.imdb.com/title/tt0119488/"
151,"tt0117951","Mon Dec 31 11:21:31 2012","Mon Dec 31 11:21:31 2012",,"Trainspotting","Feature Film","Danny Boyle",7,8.2,94,1996,"crime, drama",256620,23.02.96,"http://www.imdb.com/title/tt0117951/"
194,"tt1010048","Mon Dec 31 11:28:13 2012","Mon Dec 31 11:28:13 2012",,"Slumdog Millionaire","Feature Film","Danny Boyle, Loveleen Tandan",10,8.1,120,2008,"drama, romance, thriller",348523,30.08.08,"http://www.imdb.com/title/tt1010048/"
72,"tt0180093","Mon Dec 31 11:07:07 2012","Mon Dec 31 11:07:07 2012",,"Requiem for a Dream","Feature Film","Darren Aronofsky",,8.4,102,2000,"drama",317669,14.05.00,"http://www.imdb.com/title/tt0180093/"
232,"tt1125849","Mon Dec 31 11:39:19 2012","Mon Dec 31 11:39:19 2012",,"The Wrestler","Feature Film","Darren Aronofsky",,8,109,2008,"drama, romance, sport",176877,05.09.08,"http://www.imdb.com/title/tt1125849/"
177,"tt0947798","Mon Dec 31 11:25:14 2012","Mon Dec 31 11:25:14 2012",,"Black Swan","Feature Film","Darren Aronofsky",,8.1,108,2010,"drama, mystery, thriller",300185,01.09.10,"http://www.imdb.com/title/tt0947798/"
23,"tt0114369","Mon Dec 31 10:52:56 2012","Mon Dec 31 10:52:56 2012",,"Se7en","Feature Film","David Fincher",,8.7,127,1995,"crime, mystery, thriller",513412,22.09.95,"http://www.imdb.com/title/tt0114369/"
10,"tt0137523","Mon Dec 31 10:47:36 2012","Mon Dec 31 10:47:36 2012",,"Fight Club","Feature Film","David Fincher",,8.9,139,1999,"drama",673001,10.09.99,"http://www.imdb.com/title/tt0137523/"
100,"tt0050212","Mon Dec 31 11:12:44 2012","Mon Dec 31 11:12:44 2012",,"The Bridge on the River Kwai","Feature Film","David Lean",,8.4,161,1957,"adventure, drama, history, war",88370,02.10.57,"http://www.imdb.com/title/tt0050212/"
66,"tt0056172","Mon Dec 31 11:06:21 2012","Mon Dec 31 11:06:21 2012",,"Lawrence of Arabia","Feature Film","David Lean",7,8.5,216,1962,"adventure, biography, drama, history, war",113162,10.12.62,"http://www.imdb.com/title/tt0056172/"
116,"tt0080678","Mon Dec 31 11:14:27 2012","Mon Dec 31 11:14:27 2012",,"The Elephant Man","Feature Film","David Lynch",,8.3,124,1980,"biography, drama",94389,03.10.80,"http://www.imdb.com/title/tt0080678/"
220,"tt1201607","Mon Dec 31 11:36:55 2012","Mon Dec 31 11:36:55 2012",,"Harry Potter and the Deathly Hallows: Part 2","Feature Film","David Yates",6,8.1,130,2011,"adventure, drama, fantasy, mystery",234970,07.07.11,"http://www.imdb.com/title/tt1201607/"
166,"tt0892769","Mon Dec 31 11:24:15 2012","Mon Dec 31 11:24:15 2012",,"How to Train Your Dragon","Feature Film","Dean DeBlois, Chris Sanders",,8.2,98,2010,"animation, adventure, comedy, drama, family, fantasy",188540,18.03.10,"http://www.imdb.com/title/tt0892769/"
224,"tt0044081","Mon Dec 31 11:38:00 2012","Mon Dec 31 11:38:00 2012",,"A Streetcar Named Desire","Feature Film","Elia Kazan",,8,122,1951,"drama",51931,18.09.51,"http://www.imdb.com/title/tt0044081/"
115,"tt0047296","Mon Dec 31 11:14:22 2012","Mon Dec 31 11:14:22 2012",,"On the Waterfront","Feature Film","Elia Kazan",,8.3,108,1954,"crime, drama",59624,24.06.54,"http://www.imdb.com/title/tt0047296/"
139,"tt0477348","Mon Dec 31 11:18:40 2012","Mon Dec 31 11:18:40 2012",,"No Country for Old Men","Feature Film","Ethan Coen, Joel Coen",,8.2,122,2007,"crime, thriller",333919,19.05.07,"http://www.imdb.com/title/tt0477348/"
236,"tt0013442","Mon Dec 31 11:39:45 2012","Mon Dec 31 11:39:45 2012",,"Nosferatu","Feature Film","F.W. Murnau",,8,94,1922,"horror",45368,04.03.22,"http://www.imdb.com/title/tt0013442/"
199,"tt0047528","Mon Dec 31 11:28:53 2012","Mon Dec 31 11:28:53 2012",,"La strada","Feature Film","Federico Fellini",,8.1,108,1954,"drama",27565,06.09.54,"http://www.imdb.com/title/tt0047528/"
192,"tt0056801","Mon Dec 31 11:27:57 2012","Mon Dec 31 11:27:57 2012",,"8½","Feature Film","Federico Fellini",,8.1,138,1963,"drama, fantasy",46704,14.02.63,"http://www.imdb.com/title/tt0056801/"
20,"tt0317248","Mon Dec 31 10:50:13 2012","Mon Dec 31 10:50:13 2012",,"City of God","Feature Film","Fernando Meirelles, Kátia Lund",5,8.7,130,2002,"crime, drama",289906,18.05.02,"http://www.imdb.com/title/tt0317248/"
60,"tt0405094","Mon Dec 31 11:00:55 2012","Mon Dec 31 11:00:55 2012",,"The Lives of Others","Feature Film","Florian Henckel von Donnersmarck",,8.5,137,2006,"drama, thriller",138390,15.03.06,"http://www.imdb.com/title/tt0405094/"
184,"tt0053198","Mon Dec 31 11:27:17 2012","Mon Dec 31 11:27:17 2012",,"The 400 Blows","Feature Film","François Truffaut",,8.2,99,1959,"crime, drama",38786,04.05.59,"http://www.imdb.com/title/tt0053198/"
35,"tt0078788","Mon Dec 31 10:55:08 2012","Mon Dec 31 10:55:08 2012",,"Apocalypse Now","Feature Film","Francis Coppola",,8.6,153,1979,"drama, war",263506,10.05.79,"http://www.imdb.com/title/tt0078788/"
2,"tt0068646","Mon Dec 31 10:45:54 2012","Mon Dec 31 10:45:54 2012",,"The Godfather","Feature Film","Francis Ford Coppola",,9.2,175,1972,"crime, drama",638780,15.03.72,"http://www.imdb.com/title/tt0068646/"
3,"tt0071562","Mon Dec 31 10:46:06 2012","Mon Dec 31 10:46:06 2012",,"The Godfather: Part II","Feature Film","Francis Ford Coppola",,9.1,200,1974,"crime, drama",409812,12.12.74,"http://www.imdb.com/title/tt0071562/"
140,"tt0025316","Mon Dec 31 11:18:48 2012","Mon Dec 31 11:18:48 2012",,"It Happened One Night","Feature Film","Frank Capra",,8.2,105,1934,"comedy, romance",37228,22.02.34,"http://www.imdb.com/title/tt0025316/"
108,"tt0031679","Mon Dec 31 11:13:37 2012","Mon Dec 31 11:13:37 2012",,"Mr. Smith Goes to Washington","Feature Film","Frank Capra",,8.4,129,1939,"drama",47700,17.10.39,"http://www.imdb.com/title/tt0031679/"
250,"tt0036613","Mon Dec 31 11:41:30 2012","Mon Dec 31 11:41:30 2012",,"Arsenic and Old Lace","Feature Film","Frank Capra",,8,118,1944,"comedy, crime, romance",40030,01.09.44,"http://www.imdb.com/title/tt0036613/"
30,"tt0038650","Mon Dec 31 10:53:47 2012","Mon Dec 31 10:53:47 2012",,"It's a Wonderful Life","Feature Film","Frank Capra",,8.7,130,1946,"drama, fantasy",156312,20.12.46,"http://www.imdb.com/title/tt0038650/"
1,"tt0111161","Mon Dec 31 10:45:20 2012","Mon Dec 31 10:45:20 2012",,"The Shawshank Redemption","Feature Film","Frank Darabont",,9.3,142,1994,"crime, drama",880963,10.09.94,"http://www.imdb.com/title/tt0111161/"
65,"tt0120689","Mon Dec 31 11:06:11 2012","Mon Dec 31 11:06:11 2012",,"The Green Mile","Feature Film","Frank Darabont",,8.5,189,1999,"crime, drama, fantasy, mystery",365010,06.12.99,"http://www.imdb.com/title/tt0120689/"
136,"tt0401792","Mon Dec 31 11:18:10 2012","Mon Dec 31 11:18:10 2012",,"Sin City","Feature Film","Frank Miller, Robert Rodriguez",,8.2,124,2005,"crime, thriller",396211,28.03.05,"http://www.imdb.com/title/tt0401792/"
243,"tt0070511","Mon Dec 31 11:40:56 2012","Mon Dec 31 11:40:56 2012",,"Papillon","Feature Film","Franklin J. Schaffner",,8,151,1973,"biography, crime, drama",49040,16.12.73,"http://www.imdb.com/title/tt0070511/"
145,"tt0044706","Mon Dec 31 11:20:54 2012","Mon Dec 31 11:20:54 2012",,"High Noon","Feature Film","Fred Zinnemann",,8.2,85,1952,"drama, western",49215,07.07.52,"http://www.imdb.com/title/tt0044706/"
89,"tt0017136","Mon Dec 31 11:10:28 2012","Mon Dec 31 11:10:28 2012",,"Metropolis","Feature Film","Fritz Lang",,8.4,153,1927,"drama, sci_fi",63756,10.01.27,"http://www.imdb.com/title/tt0017136/"
52,"tt0022100","Mon Dec 31 11:00:11 2012","Mon Dec 31 11:00:11 2012",,"M","Feature Film","Fritz Lang",,8.5,117,1931,"crime, drama, film_noir, thriller",59613,11.05.31,"http://www.imdb.com/title/tt0022100/"
226,"tt0101414","Mon Dec 31 11:38:12 2012","Mon Dec 31 11:38:12 2012",,"Beauty and the Beast","Feature Film","Gary Trousdale, Kirk Wise",,8,84,1991,"animation, family, fantasy, musical, romance",152210,29.09.91,"http://www.imdb.com/title/tt0101414/"
153,"tt1291584","Mon Dec 31 11:21:45 2012","Mon Dec 31 11:21:45 2012",,"Warrior","Feature Film","Gavin O'Connor",,8.2,140,2011,"drama, sport",142012,09.09.11,"http://www.imdb.com/title/tt1291584/"
16,"tt0076759","Mon Dec 31 10:49:45 2012","Mon Dec 31 10:49:45 2012",,"Star Wars","Feature Film","George Lucas",,8.8,121,1977,"action, adventure, fantasy, sci_fi",493522,25.05.77,"http://www.imdb.com/title/tt0076759/"
148,"tt0064115","Mon Dec 31 11:21:14 2012","Mon Dec 31 11:21:14 2012",,"Butch Cassidy and the Sundance Kid","Feature Film","George Roy Hill",,8.2,110,1969,"adventure, biography, crime, western",87989,23.09.69,"http://www.imdb.com/title/tt0064115/"
98,"tt0070735","Mon Dec 31 11:11:15 2012","Mon Dec 31 11:11:15 2012",,"The Sting","Feature Film","George Roy Hill",,8.4,129,1973,"comedy, crime, drama",100192,25.12.73,"http://www.imdb.com/title/tt0070735/"
76,"tt0095765","Mon Dec 31 11:07:37 2012","Mon Dec 31 11:07:37 2012",,"Cinema Paradiso","Feature Film","Giuseppe Tornatore",,8.5,155,1988,"drama",76746,29.09.88,"http://www.imdb.com/title/tt0095765/"
216,"tt0325980","Mon Dec 31 11:36:27 2012","Mon Dec 31 11:36:27 2012",,"Pirates of the Caribbean: The Curse of the Black Pearl","Feature Film","Gore Verbinski",,8.1,143,2003,"action, adventure, fantasy",430056,28.06.03,"http://www.imdb.com/title/tt0325980/"
106,"tt0457430","Mon Dec 31 11:13:25 2012","Mon Dec 31 11:13:25 2012",,"Pan's Labyrinth","Feature Film","Guillermo del Toro",7,8.3,118,2006,"drama, fantasy, war",262933,27.05.06,"http://www.imdb.com/title/tt0457430/"
157,"tt0119217","Mon Dec 31 11:22:09 2012","Mon Dec 31 11:22:09 2012",,"Good Will Hunting","Feature Film","Gus Van Sant",,8.2,126,1997,"drama",286934,02.12.97,"http://www.imdb.com/title/tt0119217/"
142,"tt0120735","Mon Dec 31 11:20:37 2012","Mon Dec 31 11:20:37 2012",,"Lock, Stock and Two Smoking Barrels","Feature Film","Guy Ritchie",,8.2,107,1998,"crime, thriller",230517,28.08.98,"http://www.imdb.com/title/tt0120735/"
112,"tt0208092","Mon Dec 31 11:14:05 2012","Mon Dec 31 11:14:05 2012",,"Snatch.","Feature Film","Guy Ritchie",,8.3,104,2000,"crime, thriller",322606,23.08.00,"http://www.imdb.com/title/tt0208092/"
178,"tt0107048","Mon Dec 31 11:25:20 2012","Mon Dec 31 11:25:20 2012",,"Groundhog Day","Feature Film","Harold Ramis",,8.1,101,1993,"comedy, drama, fantasy, romance",236815,12.02.93,"http://www.imdb.com/title/tt0107048/"
227,"tt0087544","Mon Dec 31 11:38:18 2012","Mon Dec 31 11:38:18 2012",,"Nausicaä of the Valley of the Wind","Feature Film","Hayao Miyazaki",,8.1,117,1984,"animation, action, adventure, fantasy, sci_fi",42566,11.03.84,"http://www.imdb.com/title/tt0087544/"
244,"tt0092067","Mon Dec 31 11:41:02 2012","Mon Dec 31 11:41:02 2012",,"Castle in the Sky","Feature Film","Hayao Miyazaki",,8.1,124,1986,"animation, action, adventure, family, fantasy, romance",44043,02.08.86,"http://www.imdb.com/title/tt0092067/"
165,"tt0096283","Mon Dec 31 11:24:08 2012","Mon Dec 31 11:24:08 2012",,"My Neighbor Totoro","Feature Film","Hayao Miyazaki",,8.2,86,1988,"animation, adventure, family, fantasy",68543,16.04.88,"http://www.imdb.com/title/tt0096283/"
94,"tt0119698","Mon Dec 31 11:10:55 2012","Mon Dec 31 11:10:55 2012",,"Princess Mononoke","Feature Film","Hayao Miyazaki",,8.4,134,1997,"animation, adventure, fantasy",112437,12.07.97,"http://www.imdb.com/title/tt0119698/"
43,"tt0245429","Mon Dec 31 10:56:34 2012","Mon Dec 31 10:56:34 2012",,"Spirited Away","Feature Film","Hayao Miyazaki",,8.6,125,2001,"animation, adventure, family, fantasy",197124,20.07.01,"http://www.imdb.com/title/tt0245429/"
189,"tt0347149","Mon Dec 31 11:27:41 2012","Mon Dec 31 11:27:41 2012",,"Howl's Moving Castle","Feature Film","Hayao Miyazaki",,8.1,119,2004,"animation, action, adventure, fantasy, romance",96821,05.09.04,"http://www.imdb.com/title/tt0347149/"
229,"tt0042546","Mon Dec 31 11:38:28 2012","Mon Dec 31 11:38:28 2012",,"Harvey","Feature Film","Henry Koster",,8.1,104,1950,"comedy, drama",32290,13.10.50,"http://www.imdb.com/title/tt0042546/"
245,"tt0029947","Mon Dec 31 11:41:05 2012","Mon Dec 31 11:41:05 2012",,"Bringing Up Baby","Feature Film","Howard Hawks",,8.1,102,1938,"comedy, romance",31396,16.02.38,"http://www.imdb.com/title/tt0029947/"
168,"tt0038355","Mon Dec 31 11:24:27 2012","Mon Dec 31 11:24:27 2012",,"The Big Sleep","Feature Film","Howard Hawks",,8.2,114,1946,"crime, film_noir, mystery, thriller",41042,23.08.46,"http://www.imdb.com/title/tt0038355/"
117,"tt0050976","Mon Dec 31 11:14:36 2012","Mon Dec 31 11:14:36 2012",,"The Seventh Seal","Feature Film","Ingmar Bergman",,8.3,96,1957,"drama, fantasy",63014,16.02.57,"http://www.imdb.com/title/tt0050976/"
126,"tt0050986","Mon Dec 31 11:17:12 2012","Mon Dec 31 11:17:12 2012",,"Wild Strawberries","Feature Film","Ingmar Bergman",,8.3,91,1958,"drama",35085,26.12.57,"http://www.imdb.com/title/tt0050986/"
185,"tt0060827","Mon Dec 31 11:27:21 2012","Mon Dec 31 11:27:21 2012",,"Persona","Feature Film","Ingmar Bergman",,8.2,85,1966,"drama",29931,18.10.66,"http://www.imdb.com/title/tt0060827/"
11,"tt0080684","Mon Dec 31 10:49:06 2012","Mon Dec 31 10:49:06 2012",,"Star Wars: Episode V - The Empire Strikes Back","Feature Film","Irvin Kershner",,8.8,124,1980,"action, adventure, sci_fi",439821,17.05.80,"http://www.imdb.com/title/tt0080684/"
104,"tt0095327","Mon Dec 31 11:13:14 2012","Mon Dec 31 11:13:14 2012",,"Grave of the Fireflies","Feature Film","Isao Takahata",,8.4,89,1988,"animation, drama, war",61575,16.04.88,"http://www.imdb.com/title/tt0095327/"
225,"tt0796366","Mon Dec 31 11:38:06 2012","Mon Dec 31 11:38:06 2012",,"Star Trek","Feature Film","J.J. Abrams",,8,127,2009,"action, adventure, sci_fi",272376,06.04.09,"http://www.imdb.com/title/tt0796366/"
170,"tt0088247","Mon Dec 31 11:24:37 2012","Mon Dec 31 11:24:37 2012",,"The Terminator","Feature Film","James Cameron",,8.1,107,1984,"action, sci_fi",316203,26.10.84,"http://www.imdb.com/title/tt0088247/"
58,"tt0090605","Mon Dec 31 11:00:44 2012","Mon Dec 31 11:00:44 2012",,"Aliens","Feature Film","James Cameron",,8.5,137,1986,"action, adventure, sci_fi, thriller",275740,18.07.86,"http://www.imdb.com/title/tt0090605/"
36,"tt0103064","Mon Dec 31 10:55:15 2012","Mon Dec 31 10:55:15 2012",,"Terminator 2: Judgment Day","Feature Film","James Cameron",,8.6,137,1991,"action, sci_fi, thriller",404285,01.07.91,"http://www.imdb.com/title/tt0103064/"
164,"tt0434409","Mon Dec 31 11:24:04 2012","Mon Dec 31 11:24:04 2012",,"V for Vendetta","Feature Film","James McTeigue",,8.2,132,2005,"action, fantasy, thriller",418949,11.12.05,"http://www.imdb.com/title/tt0434409/"
62,"tt0211915","Mon Dec 31 11:05:52 2012","Mon Dec 31 11:05:52 2012",,"Amélie","Feature Film","Jean-Pierre Jeunet",,8.5,122,2001,"comedy, romance",297870,25.04.01,"http://www.imdb.com/title/tt0211915/"
221,"tt0107207","Mon Dec 31 11:37:38 2012","Mon Dec 31 11:37:38 2012",,"In the Name of the Father","Feature Film","Jim Sheridan",,8.1,133,1993,"biography, drama, thriller",49583,12.12.93,"http://www.imdb.com/title/tt0107207/"
127,"tt0116282","Mon Dec 31 11:17:17 2012","Mon Dec 31 11:17:17 2012",,"Fargo","Feature Film","Joel Coen",,8.2,98,1996,"crime, drama",245330,08.03.96,"http://www.imdb.com/title/tt0116282/"
131,"tt0118715","Mon Dec 31 11:17:39 2012","Mon Dec 31 11:17:39 2012",,"The Big Lebowski","Feature Film","Joel Coen",,8.3,117,1998,"comedy, crime",291168,15.02.98,"http://www.imdb.com/title/tt0118715/"
147,"tt0084787","Mon Dec 31 11:21:05 2012","Mon Dec 31 11:21:05 2012",,"The Thing","Feature Film","John Carpenter",,8.2,109,1982,"horror, mystery, sci_fi, thriller",147861,25.06.82,"http://www.imdb.com/title/tt0084787/"
159,"tt0032551","Mon Dec 31 11:22:20 2012","Mon Dec 31 11:22:20 2012",,"The Grapes of Wrath","Feature Film","John Ford",,8.2,129,1940,"drama",35926,24.01.40,"http://www.imdb.com/title/tt0032551/"
208,"tt0056217","Mon Dec 31 11:34:45 2012","Mon Dec 31 11:34:45 2012",,"The Man Who Shot Liberty Valance","Feature Film","John Ford",,8.1,123,1962,"drama, romance, western",33870,22.04.62,"http://www.imdb.com/title/tt0056217/"
200,"tt0056218","Mon Dec 31 11:28:59 2012","Mon Dec 31 11:28:59 2012",,"The Manchurian Candidate","Feature Film","John Frankenheimer",,8.1,126,1962,"drama, mystery, romance, thriller, war",47486,24.10.62,"http://www.imdb.com/title/tt0056218/"
201,"tt0075148","Mon Dec 31 11:34:10 2012","Mon Dec 31 11:34:10 2012",,"Rocky","Feature Film","John G. Avildsen",,8.1,119,1976,"drama, sport",181111,21.11.76,"http://www.imdb.com/title/tt0075148/"
122,"tt0033870","Mon Dec 31 11:16:48 2012","Mon Dec 31 11:16:48 2012",,"The Maltese Falcon","Feature Film","John Huston",,8.3,100,1941,"crime, drama, film_noir, mystery",71163,03.10.41,"http://www.imdb.com/title/tt0033870/"
74,"tt0040897","Mon Dec 31 11:07:21 2012","Mon Dec 31 11:07:21 2012",,"The Treasure of the Sierra Madre","Feature Film","John Huston",,8.4,126,1948,"action, adventure, drama, western",48011,24.01.48,"http://www.imdb.com/title/tt0040897/"
118,"tt0114709","Mon Dec 31 11:14:44 2012","Mon Dec 31 11:14:44 2012",,"Toy Story","Feature Film","John Lasseter",,8.3,81,1995,"animation, adventure, comedy, family, fantasy",299121,19.11.95,"http://www.imdb.com/title/tt0114709/"
101,"tt0095016","Mon Dec 31 11:12:58 2012","Mon Dec 31 11:12:58 2012",,"Die Hard","Feature Film","John McTiernan",,8.3,131,1988,"action, thriller",327231,15.07.88,"http://www.imdb.com/title/tt0095016/"
110,"tt0057115","Mon Dec 31 11:13:46 2012","Mon Dec 31 11:13:46 2012",,"The Great Escape","Feature Film","John Sturges",,8.3,172,1963,"adventure, drama, history, war",94766,20.06.63,"http://www.imdb.com/title/tt0057115/"
24,"tt0102926","Mon Dec 31 10:53:04 2012","Mon Dec 31 10:53:04 2012",,"The Silence of the Lambs","Feature Film","Jonathan Demme",,8.7,118,1991,"crime, drama, thriller",430426,30.01.91,"http://www.imdb.com/title/tt0102926/"
95,"tt0042192","Mon Dec 31 11:10:59 2012","Mon Dec 31 11:10:59 2012",,"All About Eve","Feature Film","Joseph L. Mankiewicz",,8.4,138,1950,"drama",49871,13.10.50,"http://www.imdb.com/title/tt0042192/"
206,"tt0069281","Mon Dec 31 11:34:36 2012","Mon Dec 31 11:34:36 2012",,"Sleuth","Feature Film","Joseph L. Mankiewicz",,8.1,138,1972,"mystery, thriller",25758,10.12.72,"http://www.imdb.com/title/tt0069281/"
129,"tt0848228","Mon Dec 31 11:17:26 2012","Mon Dec 31 11:17:26 2012",,"The Avengers","Feature Film","Joss Whedon",,8.4,143,2012,"action",425162,11.04.12,"http://www.imdb.com/title/tt0848228/"
155,"tt1305806","Mon Dec 31 11:21:55 2012","Mon Dec 31 11:21:55 2012",,"The Secret in Their Eyes","Feature Film","Juan José Campanella",,8.2,129,2009,"drama, mystery, thriller",58807,13.08.09,"http://www.imdb.com/title/tt1305806/"
219,"tt0401383","Mon Dec 31 11:36:49 2012","Mon Dec 31 11:36:49 2012",,"The Diving Bell and the Butterfly","Feature Film","Julian Schnabel",7,8.1,112,2007,"biography, drama",57724,22.05.07,"http://www.imdb.com/title/tt0401383/"
235,"tt0374546","Mon Dec 31 11:39:41 2012","Mon Dec 31 11:39:41 2012",,"Spring, Summer, Fall, Winter... and Spring","Feature Film","Ki-duk Kim",,8.1,103,2003,"drama",34422,14.08.03,"http://www.imdb.com/title/tt0374546/"
56,"tt0435761","Mon Dec 31 11:00:33 2012","Mon Dec 31 11:00:33 2012",,"Toy Story 3","Feature Film","Lee Unkrich",10,8.5,103,2010,"animation, adventure, comedy, family, fantasy",258596,12.06.10,"http://www.imdb.com/title/tt0435761/"
230,"tt0020629","Mon Dec 31 11:38:33 2012","Mon Dec 31 11:38:33 2012",,"All Quiet on the Western Front","Feature Film","Lewis Milestone",,8.1,136,1930,"drama, war",32774,21.04.30,"http://www.imdb.com/title/tt0020629/"
31,"tt0110413","Mon Dec 31 10:54:45 2012","Mon Dec 31 10:54:45 2012",,"Léon: The Professional","Feature Film","Luc Besson",,8.6,110,1994,"crime, drama, thriller",375996,14.09.94,"http://www.imdb.com/title/tt0110413/"
143,"tt0167404","Mon Dec 31 11:20:43 2012","Mon Dec 31 11:20:43 2012",,"The Sixth Sense","Feature Film","M. Night Shyamalan",,8.2,107,1999,"drama, mystery, thriller",399933,02.08.99,"http://www.imdb.com/title/tt0167404/"
53,"tt0075314","Mon Dec 31 11:00:17 2012","Mon Dec 31 11:00:17 2012",,"Taxi Driver","Feature Film","Martin Scorsese",,8.5,113,1976,"crime, drama",269516,08.02.76,"http://www.imdb.com/title/tt0075314/"
99,"tt0081398","Mon Dec 31 11:11:24 2012","Mon Dec 31 11:11:24 2012",,"Raging Bull","Feature Film","Martin Scorsese",,8.3,129,1980,"biography, drama, sport",137789,14.11.80,"http://www.imdb.com/title/tt0081398/"
15,"tt0099685","Mon Dec 31 10:49:40 2012","Mon Dec 31 10:49:40 2012",,"Goodfellas","Feature Film","Martin Scorsese",,8.8,146,1990,"biography, crime, drama, thriller",387970,12.09.90,"http://www.imdb.com/title/tt0099685/"
150,"tt0112641","Mon Dec 31 11:21:24 2012","Mon Dec 31 11:21:24 2012",,"Casino","Feature Film","Martin Scorsese",,8.2,178,1995,"biography, crime, drama",181738,14.11.95,"http://www.imdb.com/title/tt0112641/"
50,"tt0407887","Mon Dec 31 10:57:18 2012","Mon Dec 31 10:57:18 2012",,"The Departed","Feature Film","Martin Scorsese",,8.5,151,2006,"crime, thriller",449463,26.09.06,"http://www.imdb.com/title/tt0407887/"
234,"tt1130884","Mon Dec 31 11:39:33 2012","Mon Dec 31 11:39:33 2012",,"Shutter Island","Feature Film","Martin Scorsese",,8,138,2010,"drama, mystery, thriller",340002,13.02.10,"http://www.imdb.com/title/tt1130884/"
231,"tt0113247","Mon Dec 31 11:39:15 2012","Mon Dec 31 11:39:15 2012",,"La Haine","Feature Film","Mathieu Kassovitz",,8.1,98,1995,"drama",51022,31.05.95,"http://www.imdb.com/title/tt0113247/"
83,"tt0112573","Mon Dec 31 11:09:56 2012","Mon Dec 31 11:09:56 2012",,"Braveheart","Feature Film","Mel Gibson",,8.4,177,1995,"action, biography, drama, history, war",403295,18.05.95,"http://www.imdb.com/title/tt0112573/"
134,"tt0077416","Mon Dec 31 11:17:57 2012","Mon Dec 31 11:17:57 2012",,"The Deer Hunter","Feature Film","Michael Cimino",,8.2,182,1978,"drama, war",138570,08.12.78,"http://www.imdb.com/title/tt0077416/"
25,"tt0034583","Mon Dec 31 10:53:10 2012","Mon Dec 31 10:53:10 2012",,"Casablanca","Feature Film","Michael Curtiz",10,8.7,102,1942,"drama, romance, war",241835,26.11.42,"http://www.imdb.com/title/tt0034583/"
120,"tt0113277","Mon Dec 31 11:14:56 2012","Mon Dec 31 11:14:56 2012",,"Heat","Feature Film","Michael Mann",,8.3,170,1995,"action, crime, drama, thriller",246763,15.12.95,"http://www.imdb.com/title/tt0113277/"
75,"tt0338013","Mon Dec 31 11:07:28 2012","Mon Dec 31 11:07:28 2012",,"Eternal Sunshine of the Spotless Mind","Feature Film","Michel Gondry",,8.4,108,2004,"drama, romance, sci_fi",367712,19.03.04,"http://www.imdb.com/title/tt0338013/"
193,"tt1655442","Mon Dec 31 11:28:03 2012","Mon Dec 31 11:28:03 2012",,"The Artist","Feature Film","Michel Hazanavicius",7,8.1,100,2011,"comedy, drama, romance",100361,15.05.11,"http://www.imdb.com/title/tt1655442/"
196,"tt0061184","Mon Dec 31 11:28:34 2012","Mon Dec 31 11:28:34 2012",,"Who's Afraid of Virginia Woolf?","Feature Film","Mike Nichols",,8.1,131,1966,"drama",32134,21.06.66,"http://www.imdb.com/title/tt0061184/"
186,"tt0061722","Mon Dec 31 11:27:26 2012","Mon Dec 31 11:27:26 2012",,"The Graduate","Feature Film","Mike Nichols",,8.1,106,1967,"comedy, drama, romance",126679,21.12.67,"http://www.imdb.com/title/tt0061722/"
12,"tt0073486","Mon Dec 31 10:49:14 2012","Mon Dec 31 10:49:14 2012",,"One Flew Over the Cuckoo's Nest","Feature Film","Milos Forman",,8.8,133,1975,"drama",369440,19.11.75,"http://www.imdb.com/title/tt0073486/"
88,"tt0086879","Mon Dec 31 11:10:21 2012","Mon Dec 31 11:10:21 2012",,"Amadeus","Feature Film","Milos Forman",,8.4,160,1984,"biography, drama, music",154567,06.09.84,"http://www.imdb.com/title/tt0086879/"
210,"tt1136608","Mon Dec 31 11:34:58 2012","Mon Dec 31 11:34:58 2012",,"District 9","Feature Film","Neill Blomkamp",,8,112,2009,"action, sci_fi, thriller",312700,13.08.09,"http://www.imdb.com/title/tt1136608/"
248,"tt0061811","Mon Dec 31 11:41:22 2012","Mon Dec 31 11:41:22 2012",,"In the Heat of the Night","Feature Film","Norman Jewison",,8,109,1967,"crime, drama, mystery, thriller",32153,02.08.67,"http://www.imdb.com/title/tt0061811/"
107,"tt0363163","Mon Dec 31 11:13:32 2012","Mon Dec 31 11:13:32 2012",,"Downfall","Feature Film","Oliver Hirschbiegel",,8.3,156,2004,"biography, drama, history, war",141010,08.09.04,"http://www.imdb.com/title/tt0363163/"
144,"tt0091763","Mon Dec 31 11:20:49 2012","Mon Dec 31 11:20:49 2012",,"Platoon","Feature Film","Oliver Stone",,8.2,120,1986,"action, drama, war",172821,19.12.86,"http://www.imdb.com/title/tt0091763/"
64,"tt1675434","Mon Dec 31 11:06:05 2012","Mon Dec 31 11:06:05 2012",,"The Intouchables","Feature Film","Olivier Nakache, Eric Toledano",,8.6,112,2011,"biography, comedy, drama",125190,23.09.11,"http://www.imdb.com/title/tt1675434/"
44,"tt0033467","Mon Dec 31 10:56:38 2012","Mon Dec 31 10:56:38 2012",,"Citizen Kane","Feature Film","Orson Welles",9,8.5,119,1941,"drama, mystery",191020,01.05.41,"http://www.imdb.com/title/tt0033467/"
132,"tt0052311","Mon Dec 31 11:17:44 2012","Mon Dec 31 11:17:44 2012",,"Touch of Evil","Feature Film","Orson Welles",,8.3,95,1958,"crime, film_noir, thriller",46116,23.04.58,"http://www.imdb.com/title/tt0052311/"
203,"tt0052561","Mon Dec 31 11:34:19 2012","Mon Dec 31 11:34:19 2012",,"Anatomy of a Murder","Feature Film","Otto Preminger",,8.1,160,1959,"crime, drama, mystery",26644,01.07.59,"http://www.imdb.com/title/tt0052561/"
182,"tt0440963","Mon Dec 31 11:27:06 2012","Mon Dec 31 11:27:06 2012",,"The Bourne Ultimatum","Feature Film","Paul Greengrass",7,8.1,115,2007,"action, crime, thriller",270438,25.07.07,"http://www.imdb.com/title/tt0440963/"
173,"tt0469494","Mon Dec 31 11:24:54 2012","Mon Dec 31 11:24:54 2012",,"There Will Be Blood","Feature Film","Paul Thomas Anderson",6,8.1,158,2007,"drama",211418,27.09.07,"http://www.imdb.com/title/tt0469494/"
114,"tt1049413","Mon Dec 31 11:14:17 2012","Mon Dec 31 11:14:17 2012",,"Up","Feature Film","Pete Docter, Bob Peterson",,8.3,96,2009,"animation, adventure, comedy, drama, family, fantasy",291985,13.05.09,"http://www.imdb.com/title/tt1049413/"
223,"tt0198781","Mon Dec 31 11:37:52 2012","Mon Dec 31 11:37:52 2012",,"Monsters, Inc.","Feature Film","Pete Docter, David Silverman",,8,92,2001,"animation, adventure, comedy, family, fantasy",257134,28.10.01,"http://www.imdb.com/title/tt0198781/"
13,"tt0120737","Mon Dec 31 10:49:28 2012","Mon Dec 31 10:49:28 2012",,"The Lord of the Rings: The Fellowship of the Ring","Feature Film","Peter Jackson",,8.8,178,2001,"action, adventure, fantasy",653654,10.12.01,"http://www.imdb.com/title/tt0120737/"
21,"tt0167261","Mon Dec 31 10:52:46 2012","Mon Dec 31 10:52:46 2012",,"The Lord of the Rings: The Two Towers","Feature Film","Peter Jackson",,8.7,179,2002,"action, adventure, fantasy",564363,05.12.02,"http://www.imdb.com/title/tt0167261/"
9,"tt0167260","Mon Dec 31 10:47:29 2012","Mon Dec 31 10:47:29 2012",,"The Lord of the Rings: The Return of the King","Feature Film","Peter Jackson",,8.9,201,2003,"action, adventure, fantasy",629137,01.12.03,"http://www.imdb.com/title/tt0167260/"
119,"tt0903624","Mon Dec 31 11:14:50 2012","Mon Dec 31 11:14:50 2012",,"The Hobbit: An Unexpected Journey","Feature Film","Peter Jackson",,8.4,169,2012,"adventure, fantasy",134419,28.11.12,"http://www.imdb.com/title/tt0903624/"
215,"tt0120382","Mon Dec 31 11:36:21 2012","Mon Dec 31 11:36:21 2012",,"The Truman Show","Feature Film","Peter Weir",,8,103,1998,"comedy, drama, sci_fi",317066,01.06.98,"http://www.imdb.com/title/tt0120382/"
70,"tt0105236","Mon Dec 31 11:06:52 2012","Mon Dec 31 11:06:52 2012",,"Reservoir Dogs","Feature Film","Quentin Tarantino",,8.4,99,1992,"crime, thriller",345809,21.01.92,"http://www.imdb.com/title/tt0105236/"
4,"tt0110912","Mon Dec 31 10:46:20 2012","Mon Dec 31 10:46:20 2012",,"Pulp Fiction","Feature Film","Quentin Tarantino",,9,154,1994,"crime, thriller",685983,"1994-05","http://www.imdb.com/title/tt0110912/"
152,"tt0266697","Mon Dec 31 11:21:40 2012","Mon Dec 31 11:21:40 2012",,"Kill Bill: Vol. 1","Feature Film","Quentin Tarantino",,8.2,111,2003,"action, crime, thriller",392841,10.10.03,"http://www.imdb.com/title/tt0266697/"
113,"tt0361748","Mon Dec 31 11:14:10 2012","Mon Dec 31 11:14:10 2012",,"Inglourious Basterds","Feature Film","Quentin Tarantino",,8.3,153,2009,"adventure, drama, war",394476,20.05.09,"http://www.imdb.com/title/tt0361748/"
241,"tt1187043","Mon Dec 31 11:40:45 2012","Mon Dec 31 11:40:45 2012",,"3 Idiots","Feature Film","Rajkumar Hirani",,8.3,170,2009,"comedy, drama, romance",53035,23.12.09,"http://www.imdb.com/title/tt1187043/"
187,"tt0083987","Mon Dec 31 11:27:30 2012","Mon Dec 31 11:27:30 2012",,"Gandhi","Feature Film","Richard Attenborough",,8.1,191,1982,"biography, drama, history",89972,30.11.82,"http://www.imdb.com/title/tt0083987/"
176,"tt0246578","Mon Dec 31 11:25:09 2012","Mon Dec 31 11:25:09 2012",,"Donnie Darko","Feature Film","Richard Kelly",,8.2,113,2001,"drama, mystery, sci_fi",340643,19.01.01,"http://www.imdb.com/title/tt0246578/"
81,"tt0086190","Mon Dec 31 11:09:45 2012","Mon Dec 31 11:09:45 2012",,"Star Wars: Episode VI - Return of the Jedi","Feature Film","Richard Marquand",,8.4,134,1983,"action, adventure, fantasy, sci_fi",343518,25.05.83,"http://www.imdb.com/title/tt0086190/"
40,"tt0078748","Mon Dec 31 10:55:37 2012","Mon Dec 31 10:55:37 2012",,"Alien","Feature Film","Ridley Scott",,8.5,117,1979,"horror, sci_fi",303234,25.05.79,"http://www.imdb.com/title/tt0078748/"
125,"tt0083658","Mon Dec 31 11:17:06 2012","Mon Dec 31 11:17:06 2012",,"Blade Runner","Feature Film","Ridley Scott",,8.3,117,1982,"drama, sci_fi, thriller",281366,25.06.82,"http://www.imdb.com/title/tt0083658/"
63,"tt0172495","Mon Dec 31 11:05:57 2012","Mon Dec 31 11:05:57 2012",,"Gladiator","Feature Film","Ridley Scott",,8.5,155,2000,"action, adventure, drama",496431,01.05.00,"http://www.imdb.com/title/tt0172495/"
175,"tt0092005","Mon Dec 31 11:25:05 2012","Mon Dec 31 11:25:05 2012",,"Stand by Me","Feature Film","Rob Reiner",,8.1,89,1986,"adventure, drama",151178,08.08.86,"http://www.imdb.com/title/tt0092005/"
191,"tt0093779","Mon Dec 31 11:27:51 2012","Mon Dec 31 11:27:51 2012",,"The Princess Bride","Feature Film","Rob Reiner",,8.1,98,1987,"adventure, comedy, family, fantasy, romance",178573,18.09.87,"http://www.imdb.com/title/tt0093779/"
67,"tt0056592","Mon Dec 31 11:06:26 2012","Mon Dec 31 11:06:26 2012",,"To Kill a Mockingbird","Feature Film","Robert Mulligan",,8.5,129,1962,"crime, drama, mystery",123356,25.12.62,"http://www.imdb.com/title/tt0056592/"
197,"tt0054997","Mon Dec 31 11:28:39 2012","Mon Dec 31 11:28:39 2012",,"The Hustler","Feature Film","Robert Rossen",,8.1,134,1961,"drama, sport",37551,25.09.61,"http://www.imdb.com/title/tt0054997/"
47,"tt0088763","Mon Dec 31 10:56:54 2012","Mon Dec 31 10:56:54 2012",,"Back to the Future","Feature Film","Robert Zemeckis",,8.5,116,1985,"adventure, comedy, sci_fi",355991,03.07.85,"http://www.imdb.com/title/tt0088763/"
19,"tt0109830","Mon Dec 31 10:50:07 2012","Mon Dec 31 10:50:07 2012",,"Forrest Gump","Feature Film","Robert Zemeckis",,8.7,142,1994,"drama, romance",574091,23.06.94,"http://www.imdb.com/title/tt0109830/"
55,"tt0118799","Mon Dec 31 11:00:27 2012","Mon Dec 31 11:00:27 2012",,"Life Is Beautiful","Feature Film","Roberto Benigni",10,8.5,116,1997,"comedy, drama, romance, war",192383,20.12.97,"http://www.imdb.com/title/tt0118799/"
79,"tt0110357","Mon Dec 31 11:07:58 2012","Mon Dec 31 11:07:58 2012",,"The Lion King","Feature Film","Roger Allers, Rob Minkoff",,8.4,89,1994,"animation, adventure, drama, family, musical",291788,15.06.94,"http://www.imdb.com/title/tt0110357/"
228,"tt0063522","Mon Dec 31 11:38:24 2012","Mon Dec 31 11:38:24 2012",,"Rosemary's Baby","Feature Film","Roman Polanski",,8,136,1968,"drama, horror, mystery",86802,12.06.68,"http://www.imdb.com/title/tt0063522/"
78,"tt0071315","Mon Dec 31 11:07:52 2012","Mon Dec 31 11:07:52 2012",,"Chinatown","Feature Film","Roman Polanski",,8.4,130,1974,"crime, drama, mystery",124643,20.06.74,"http://www.imdb.com/title/tt0071315/"
49,"tt0253474","Mon Dec 31 10:57:04 2012","Mon Dec 31 10:57:04 2012",,"The Pianist","Feature Film","Roman Polanski",,8.5,150,2002,"biography, drama, war",241770,24.05.02,"http://www.imdb.com/title/tt0253474/"
198,"tt0268978","Mon Dec 31 11:28:48 2012","Mon Dec 31 11:28:48 2012",,"A Beautiful Mind","Feature Film","Ron Howard",8,8.1,135,2001,"biography, drama",272778,13.12.01,"http://www.imdb.com/title/tt0268978/"
239,"tt0015648","Mon Dec 31 11:40:00 2012","Mon Dec 31 11:40:00 2012",,"Battleship Potemkin","Feature Film","S.M. Eisenstein",,8.1,75,1925,"drama, history",25533,24.12.25,"http://www.imdb.com/title/tt0015648/"
51,"tt0169547","Mon Dec 31 11:00:06 2012","Mon Dec 31 11:00:06 2012",,"American Beauty","Feature Film","Sam Mendes",9,8.5,122,1999,"drama",468957,08.09.99,"http://www.imdb.com/title/tt0169547/"
202,"tt0065214","Mon Dec 31 11:34:14 2012","Mon Dec 31 11:34:14 2012",,"The Wild Bunch","Feature Film","Sam Peckinpah",,8.1,145,1969,"western",44453,18.06.69,"http://www.imdb.com/title/tt0065214/"
161,"tt0758758","Mon Dec 31 11:23:45 2012","Mon Dec 31 11:23:45 2012",,"Into the Wild","Feature Film","Sean Penn",,8.2,148,2007,"adventure, biography, drama",210127,01.09.07,"http://www.imdb.com/title/tt0758758/"
222,"tt0058461","Mon Dec 31 11:37:44 2012","Mon Dec 31 11:37:44 2012",,"A Fistful of Dollars","Feature Film","Sergio Leone",,8,99,1964,"western",65982,12.09.64,"http://www.imdb.com/title/tt0058461/"
111,"tt0059578","Mon Dec 31 11:13:56 2012","Mon Dec 31 11:13:56 2012",,"For a Few Dollars More","Feature Film","Sergio Leone",,8.3,132,1965,"western",78842,18.12.65,"http://www.imdb.com/title/tt0059578/"
5,"tt0060196","Mon Dec 31 10:46:33 2012","Mon Dec 31 10:46:33 2012",,"The Good, the Bad and the Ugly","Feature Film","Sergio Leone",,9,161,1966,"adventure, western",270227,23.12.66,"http://www.imdb.com/title/tt0060196/"
22,"tt0064116","Mon Dec 31 10:52:51 2012","Mon Dec 31 10:52:51 2012",,"Once Upon a Time in the West","Feature Film","Sergio Leone",,8.7,175,1968,"adventure, western",123213,21.12.68,"http://www.imdb.com/title/tt0064116/"
77,"tt0087843","Mon Dec 31 11:07:47 2012","Mon Dec 31 11:07:47 2012",,"Once Upon a Time in America","Feature Film","Sergio Leone",,8.4,229,1984,"crime, drama",122107,17.02.84,"http://www.imdb.com/title/tt0087843/"
6,"tt0050083","Mon Dec 31 10:46:57 2012","Mon Dec 31 10:46:57 2012",,"12 Angry Men","Feature Film","Sidney Lumet",,8.9,96,1957,"drama, mystery",217038,10.04.57,"http://www.imdb.com/title/tt0050083/"
179,"tt0072890","Mon Dec 31 11:25:24 2012","Mon Dec 31 11:25:24 2012",,"Dog Day Afternoon","Feature Film","Sidney Lumet",,8.1,125,1975,"crime, drama",105516,21.09.75,"http://www.imdb.com/title/tt0072890/"
171,"tt0074958","Mon Dec 31 11:24:44 2012","Mon Dec 31 11:24:44 2012",,"Network","Feature Film","Sidney Lumet",,8.2,121,1976,"drama",58732,14.11.76,"http://www.imdb.com/title/tt0074958/"
86,"tt0045152","Mon Dec 31 11:10:11 2012","Mon Dec 31 11:10:11 2012",,"Singin' in the Rain","Feature Film","Stanley Donen, Gene Kelly",,8.4,103,1952,"comedy, musical, romance",84904,27.03.52,"http://www.imdb.com/title/tt0045152/"
188,"tt0049406","Mon Dec 31 11:27:35 2012","Mon Dec 31 11:27:35 2012",,"The Killing","Feature Film","Stanley Kubrick",,8.1,85,1956,"crime, film_noir, thriller",38161,20.05.56,"http://www.imdb.com/title/tt0049406/"
54,"tt0050825","Mon Dec 31 11:00:22 2012","Mon Dec 31 11:00:22 2012",,"Paths of Glory","Feature Film","Stanley Kubrick",,8.5,88,1957,"drama, war",67673,18.09.57,"http://www.imdb.com/title/tt0050825/"
38,"tt0057012","Mon Dec 31 10:55:26 2012","Mon Dec 31 10:55:26 2012",,"Dr. Strangelove or: How I Learned to Stop Worrying and Love the Bomb","Feature Film","Stanley Kubrick",,8.6,95,1964,"comedy, war",218824,29.01.64,"http://www.imdb.com/title/tt0057012/"
92,"tt0062622","Mon Dec 31 11:10:46 2012","Mon Dec 31 11:10:46 2012",,"2001: A Space Odyssey","Feature Film","Stanley Kubrick",,8.4,141,1968,"adventure, sci_fi",235847,02.04.68,"http://www.imdb.com/title/tt0062622/"
61,"tt0066921","Mon Dec 31 11:05:46 2012","Mon Dec 31 11:05:46 2012",,"A Clockwork Orange","Feature Film","Stanley Kubrick",,8.5,136,1971,"crime, drama, sci_fi",302369,19.12.71,"http://www.imdb.com/title/tt0066921/"
209,"tt0072684","Mon Dec 31 11:34:51 2012","Mon Dec 31 11:34:51 2012",,"Barry Lyndon","Feature Film","Stanley Kubrick",,8.1,184,1975,"adventure, drama, romance, war",59494,18.12.75,"http://www.imdb.com/title/tt0072684/"
46,"tt0081505","Mon Dec 31 10:56:49 2012","Mon Dec 31 10:56:49 2012",,"The Shining","Feature Film","Stanley Kubrick",,8.5,,1980,"horror, mystery",313398,23.05.80,"http://www.imdb.com/title/tt0081505/"
82,"tt0093058","Mon Dec 31 11:09:51 2012","Mon Dec 31 11:09:51 2012",,"Full Metal Jacket","Feature Film","Stanley Kubrick",,8.4,116,1987,"drama, war",256612,17.06.87,"http://www.imdb.com/title/tt0093058/"
211,"tt1659337","Mon Dec 31 11:36:01 2012","Mon Dec 31 11:36:01 2012",,"The Perks of Being a Wallflower","Feature Film","Stephen Chbosky",,8.3,102,2012,"drama, romance",30412,08.09.12,"http://www.imdb.com/title/tt1659337/"
141,"tt0073195","Mon Dec 31 11:20:32 2012","Mon Dec 31 11:20:32 2012",,"Jaws","Feature Film","Steven Spielberg",,8.2,124,1975,"adventure, horror, thriller",223652,20.06.75,"http://www.imdb.com/title/tt0073195/"
27,"tt0082971","Mon Dec 31 10:53:24 2012","Mon Dec 31 10:53:24 2012",,"Raiders of the Lost Ark","Feature Film","Steven Spielberg",,8.7,115,1981,"action, adventure",377286,12.06.81,"http://www.imdb.com/title/tt0082971/"
97,"tt0097576","Mon Dec 31 11:11:10 2012","Mon Dec 31 11:11:10 2012",,"Indiana Jones and the Last Crusade","Feature Film","Steven Spielberg",,8.3,127,1989,"action, adventure, comedy",283675,24.05.89,"http://www.imdb.com/title/tt0097576/"
8,"tt0108052","Mon Dec 31 10:47:09 2012","Mon Dec 31 10:47:09 2012",,"Schindler's List","Feature Film","Steven Spielberg",,8.9,195,1994,"biography, drama, history, war",455623,30.11.93,"http://www.imdb.com/title/tt0108052/"
246,"tt0107290","Mon Dec 31 11:41:12 2012","Mon Dec 31 11:41:12 2012",,"Jurassic Park","Feature Film","Steven Spielberg",,8,127,1993,"adventure, family, sci_fi",268727,09.06.93,"http://www.imdb.com/title/tt0107290/"
39,"tt0120815","Mon Dec 31 10:55:31 2012","Mon Dec 31 10:55:31 2012",,"Saving Private Ryan","Feature Film","Steven Spielberg",,8.6,169,1998,"action, drama, war",454532,24.07.98,"http://www.imdb.com/title/tt0120815/"
135,"tt0061512","Mon Dec 31 11:18:03 2012","Mon Dec 31 11:18:03 2012",,"Cool Hand Luke","Feature Film","Stuart Rosenberg",,8.2,126,1967,"crime, drama",72245,01.11.67,"http://www.imdb.com/title/tt0061512/"
146,"tt0395169","Mon Dec 31 11:21:00 2012","Mon Dec 31 11:21:00 2012",,"Hotel Rwanda","Feature Film","Terry George",,8.2,121,2004,"biography, drama, history, war",152460,11.09.04,"http://www.imdb.com/title/tt0395169/"
180,"tt0114746","Mon Dec 31 11:30:53 2012","Mon Dec 31 11:30:53 2012",,"Twelve Monkeys","Feature Film","Terry Gilliam",,8.1,129,1995,"mystery, sci_fi, thriller",268505,27.12.95,"http://www.imdb.com/title/tt0114746/"
84,"tt0071853","Mon Dec 31 11:10:02 2012","Mon Dec 31 11:10:02 2012",,"Monty Python and the Holy Grail","Feature Film","Terry Gilliam, Terry Jones",,8.4,91,1975,"adventure, comedy, fantasy",229886,14.03.75,"http://www.imdb.com/title/tt0071853/"
162,"tt0079470","Mon Dec 31 11:23:50 2012","Mon Dec 31 11:23:50 2012",,"Life of Brian","Feature Film","Terry Jones",,8.2,94,1979,"comedy",155152,17.08.79,"http://www.imdb.com/title/tt0079470/"
18,"tt0133093","Mon Dec 31 10:49:59 2012","Mon Dec 31 10:49:59 2012",,"The Matrix","Feature Film","The Wachowski Brothers, The Wachowski Brothers",,8.7,136,1999,"action, adventure, sci_fi",642564,31.03.99,"http://www.imdb.com/title/tt0133093/"
240,"tt0319061","Mon Dec 31 11:40:05 2012","Mon Dec 31 11:40:05 2012",,"Big Fish","Feature Film","Tim Burton",,8,125,2003,"adventure, drama, fantasy, mystery",238121,10.12.03,"http://www.imdb.com/title/tt0319061/"
160,"tt1504320","Mon Dec 31 11:22:32 2012","Mon Dec 31 11:22:32 2012",,"The King's Speech","Feature Film","Tom Hooper",8,8.2,118,2010,"biography, drama, history",223839,06.09.10,"http://www.imdb.com/title/tt1504320/"
249,"tt1139797","Mon Dec 31 11:41:26 2012","Mon Dec 31 11:41:26 2012",,"Let the Right One In","Feature Film","Tomas Alfredson",,8,115,2008,"drama, horror, romance",118202,26.01.08,"http://www.imdb.com/title/tt1139797/"
34,"tt0120586","Mon Dec 31 10:55:03 2012","Mon Dec 31 10:55:03 2012",,"American History X","Feature Film","Tony Kaye",9,8.6,119,1998,"crime, drama",406578,30.10.98,"http://www.imdb.com/title/tt0120586/"
149,"tt0032138","Mon Dec 31 11:21:19 2012","Mon Dec 31 11:21:19 2012",,"The Wizard of Oz","Feature Film","Victor Fleming",,8.2,101,1939,"adventure, family, fantasy, musical",160886,12.08.39,"http://www.imdb.com/title/tt0032138/"
158,"tt0031381","Mon Dec 31 11:22:14 2012","Mon Dec 31 11:22:14 2012",,"Gone with the Wind","Feature Film","Victor Fleming",,8.2,238,1940,"drama, romance, war",126647,15.12.39,"http://www.imdb.com/title/tt0031381/"
91,"tt0040522","Mon Dec 31 11:10:40 2012","Mon Dec 31 11:10:40 2012",,"Bicycle Thieves","Feature Film","Vittorio De Sica",,8.4,93,1948,"crime, drama",47552,24.11.48,"http://www.imdb.com/title/tt0040522/"
205,"tt0070047","Mon Dec 31 11:34:31 2012","Mon Dec 31 11:34:31 2012",,"The Exorcist","Feature Film","William Friedkin",,8.1,122,1973,"horror, thriller",180063,19.06.73,"http://www.imdb.com/title/tt0070047/"
214,"tt0046250","Mon Dec 31 11:36:16 2012","Mon Dec 31 11:36:16 2012",,"Roman Holiday","Feature Film","William Wyler",,8.1,118,1953,"comedy, drama, romance",52503,27.08.53,"http://www.imdb.com/title/tt0046250/"
169,"tt0052618","Mon Dec 31 11:24:32 2012","Mon Dec 31 11:24:32 2012",,"Ben-Hur","Feature Film","William Wyler",,8.2,212,1959,"action, adventure, drama, history, romance",90742,18.11.59,"http://www.imdb.com/title/tt0052618/"
217,"tt1220719","Mon Dec 31 11:36:37 2012","Mon Dec 31 11:36:37 2012",,"Ip Man","Feature Film","Wilson Yip",,8.1,106,2008,"action, biography, drama, history",63491,12.12.08,"http://www.imdb.com/title/tt1220719/"
71,"tt0082096","Mon Dec 31 11:06:58 2012","Mon Dec 31 11:06:58 2012",,"Das Boot","Feature Film","Wolfgang Petersen",,8.5,149,1981,"action, adventure, drama, history, war",102157,17.09.81,"http://www.imdb.com/title/tt0082096/"
154,"tt0075686","Mon Dec 31 11:21:50 2012","Mon Dec 31 11:21:50 2012",,"Annie Hall","Feature Film","Woody Allen",,8.2,93,1977,"comedy, drama, romance",106739,20.04.77,"http://www.imdb.com/title/tt0075686/"
237,"tt0079522","Mon Dec 31 11:39:51 2012","Mon Dec 31 11:39:51 2012",,"Manhattan","Feature Film","Woody Allen",,8,96,1979,"comedy, drama, romance",64650,25.04.79,"http://www.imdb.com/title/tt0079522/"
